Model,Dataset,Accuracy,Precision,Recall,F1-Score,Confusion Matrix
Random Forest,bipolar,0.8585723815877252,0.846596751866932,0.8585723815877252,0.811045400146986,"[[ 130 1021]
 [  39 6305]]"
SVM,bipolar,0.8532354903268846,0.84769055873828,0.8532354903268846,0.7952096786168316,"[[  66 1085]
 [  15 6329]]"
Gradient Boosting,bipolar,0.8624416277518345,0.8495651143871791,0.8624416277518345,0.8212269223377275,"[[ 175  976]
 [  55 6289]]"
Logistic Regression,bipolar,0.8611074049366244,0.8385717865483066,0.8611074049366244,0.827371347239042,"[[ 224  927]
 [ 114 6230]]"
MLP Classifier,bipolar,0.8197464976651101,0.8072243603182503,0.8197464976651101,0.8128491644122408,"[[ 379  772]
 [ 579 5765]]"
AdaBoost,bipolar,0.8561707805203469,0.8293295342513347,0.8561707805203469,0.8160223527114329,"[[ 170  981]
 [  97 6247]]"
